{"cameraMode":{"drawMode":0,"name":"Shaded","section":"Shading Mode"},"sceneLighting":true,"audioPlay":false,"sceneViewState":{"showFog":true,"showMaterialUpdate":false,"showSkybox":true,"showFlares":true,"showImageEffects":true,"showParticleSystems":true},"in2DMode":false,"pivot":{"x":1.4879400730133057,"y":-0.15139007568359376,"z":-0.6396236419677734},"rotation":{"x":-0.31531786918640139,"y":0.05320226401090622,"z":-0.01770746149122715,"w":-0.9473461508750916},"size":6.836223125457764,"orthographic":false}